
INSERT INTO "Movies" ("Id", "Title", "Release", "Runtime", "Budget", "BoxOffice") VALUES
('1', 'Harry Potter and the Philosopher''s Stone', '2001', '152', '125000000', '1002000000'),
('2', 'Harry Potter and the Chamber of Secrets', '2002', '161', '100000000', '880300000'),
('3', 'Harry Potter and the Prisoner of Azkaban', '2004', '142', '130000000', '796700000'),
('4', 'Harry Potter and the Goblet of Fire', '2005', '157', '150000000', '896400000'),
('5', 'Harry Potter and the Order of the Phoenix', '2007', '138', '150000000', '942000000'),
('6', 'Harry Potter and the Half-Blood Prince', '2009', '153', '250000000', '943200000'),
('7', 'Harry Potter and the Deathly Hallows Part 1', '2010', '146', '200000000', '976900000'),
('8', 'Harry Potter and the Deathly Hallows Part 2', '2011', '130', '250000000', '1342000000');

INSERT INTO "Places" ("Id", "Name", "Category") VALUES
('1', 'Flourish & Blotts', 'Diagon Alley'),
('2', 'Gringotts Wizarding Bank', 'Diagon Alley'),
('3', 'Knockturn Alley', 'Diagon Alley'),
('4', 'Ollivanders', 'Diagon Alley'),
('5', 'The Leaky Cauldron', 'Diagon Alley'),
('6', 'Weasleys'' Wizard Wheezes', 'Diagon Alley'),
('7', '12 Grimmauld Place', 'Dwellings'),
('8', '4 Privet Drive', 'Dwellings'),
('9', 'Godric''s Hollow', 'Dwellings'),
('10', 'Hut-on-the-Rock', 'Dwellings'),
('11', 'Little Whinging', 'Dwellings'),
('12', 'Lovegood House', 'Dwellings'),
('13', 'Malfoy Manor', 'Dwellings'),
('14', 'Riddle House', 'Dwellings'),
('15', 'Shell Cottage', 'Dwellings'),
('16', 'Spinner''s End', 'Dwellings'),
('17', 'The Burrow', 'Dwellings'),
('18', 'Budleigh Babberton', 'Dwellings'),
('19', 'Honeydukes', 'Hogsmeade'),
('20', 'Shrieking Shack', 'Hogsmeade'),
('21', 'The Hog''s Head', 'Hogsmeade'),
('22', 'The Three Broomsticks', 'Hogsmeade'),
('23', 'Astronomy Tower', 'Hogwarts'),
('24', 'Boathouse', 'Hogwarts'),
('25', 'Chamber of Secrets', 'Hogwarts'),
('26', 'Charms Classroom', 'Hogwarts'),
('27', 'Clocktower Courtyard', 'Hogwarts'),
('28', 'Corridors', 'Hogwarts'),
('29', 'Covered Bridge', 'Hogwarts'),
('30', 'Defense Against the Dark Arts Classroom', 'Hogwarts'),
('31', 'Detention Room', 'Hogwarts'),
('32', 'Divination Classroom', 'Hogwarts'),
('33', 'Entrance Hall', 'Hogwarts'),
('34', 'First-Floor Girls'' Toilets', 'Hogwarts'),
('35', 'Forbidden Forest', 'Hogwarts'),
('36', 'Great Hall', 'Hogwarts'),
('37', 'Great Lake', 'Hogwarts'),
('38', 'Greenhouse', 'Hogwarts'),
('39', 'Griffindor Common Room', 'Hogwarts'),
('40', 'Hagrid''s Hut', 'Hogwarts'),
('41', 'Headmaster''s Office', 'Hogwarts'),
('42', 'Hogwarts Express', 'Hogwarts'),
('43', 'Hospital Wing', 'Hogwarts'),
('44', 'Library', 'Hogwarts'),
('45', 'Middle Courtyard', 'Hogwarts'),
('46', 'Moaning Myrtle''s Bathroom', 'Hogwarts'),
('47', 'Owlery', 'Hogwarts'),
('48', 'Pensieve', 'Hogwarts'),
('49', 'Potions Classroom', 'Hogwarts'),
('50', 'Prefect''s Bathroom', 'Hogwarts'),
('51', 'Quidditch Pitch', 'Hogwarts'),
('52', 'Quidditch Training Pitch', 'Hogwarts'),
('53', 'Ravenclaw Tower', 'Hogwarts'),
('54', 'Restricted Section', 'Hogwarts'),
('55', 'Room of Requirement', 'Hogwarts'),
('56', 'Sixth-floor boys'' bathroom', 'Hogwarts'),
('57', 'Slytherin Common Room', 'Hogwarts'),
('58', 'The Quad', 'Hogwarts'),
('59', 'Third-floor Corridor', 'Hogwarts'),
('60', 'Tom Riddle''s Diary', 'Hogwarts'),
('61', 'Transfiguration Classroom', 'Hogwarts'),
('62', 'Triwizard Maze', 'Hogwarts'),
('63', 'Trophy Room', 'Hogwarts'),
('64', 'Underground Chambers', 'Hogwarts'),
('65', 'Unknown Classroom', 'Hogwarts'),
('66', 'Viaduct Courtyard', 'Hogwarts'),
('67', 'Whomping Willow', 'Hogwarts'),
('68', 'Forest of Dean', 'Other Magical Locations'),
('69', 'Knight Bus', 'Other Magical Locations'),
('70', 'Ministry of Magic', 'Other Magical Locations'),
('71', 'Platform Nine and Three-Quarters', 'Other Magical Locations'),
('72', 'Quidditch World Cup', 'Other Magical Locations'),
('73', 'The Cave', 'Other Magical Locations'),
('74', 'Unknown', 'Other Magical Locations');

INSERT INTO "Spells" ("Id", "Incantation", "Name", "Effect", "Light") VALUES
('1', 'Accio', 'Summoning Charm', 'Summons an object', ''),
('2', 'Aguamenti', 'Water-Making Spell', 'Conjures water', 'Icy blue'),
('3', 'Alarte Ascendare', 'Launch an object up into the air', 'Rockets target upward', 'Red'),
('4', 'Alohomora', 'Unlocking Charm', 'Unlocks target', 'Blue'),
('5', 'Arania Exumai', 'Spider repelling spell', 'Repels spiders', 'Blue'),
('6', 'Arresto Momentum', 'Slowing Charm', 'Slows or stops target''s velocity', ''),
('7', 'Avada Kedavra', 'Killing Curse', 'Instantaneous death', 'Green'),
('8', 'Bombarda', 'Exploding Charm', 'Small explosion', ''),
('9', 'Brackium Emendo', 'Brackium Emendo', 'Mends bones', 'Blue'),
('10', 'Cistem Aperio', 'Cistem Aperio', 'Opens chests', 'White'),
('11', 'Colloportus', 'Locking Spell', 'Locks doors', ''),
('12', 'Confringo', 'Blasting Curse', 'Explosion', 'Fiery Orange'),
('13', 'Crucio', 'Cruciatus Curse', 'Excruciating pain', 'Red'),
('14', 'Diffindo', 'Severing Charm', 'Cuts objects', 'Light green'),
('15', 'Dissendium', 'Dissendium', 'Reveals secret passages', ''),
('16', 'Engorgio', 'Engorgement Charm', 'Causes swelling', 'Icy blue'),
('17', 'Episkey', 'Episkey', 'Heals minor injuries', ''),
('18', 'Expecto Patronum', 'Patronus Charm', 'Conjures a spirit guardian', 'Silver'),
('19', 'Expelliarmus', 'Disarming Charm', 'Disarms an opponent', 'Scarlet'),
('20', 'Expulso', 'Expulso Curse', 'Blows things up', 'Blue'),
('21', 'Finite', 'General Counter-Spell', 'Terminates all spell effects', 'Red'),
('22', 'Homenum Revelio', 'Human Presence Revealing Spell', 'Reveals human presence', ''),
('23', 'Immobulus', 'Freezing Charm', 'Stops movement and actions of the target', 'Blue'),
('24', 'Impedimenta', 'Impediment Jinx', 'Hinders movement', 'Turquoise'),
('25', 'Imperio', 'Imperius Curse', 'Total control over the victim', ''),
('26', 'Incarcerous', 'Incarcerous Spell', 'Binds target in ropes', ''),
('27', 'Incendio', 'Fire-Making Spell', 'Conjures flames', 'Orange'),
('28', 'Levicorpus', 'Levicorpus', 'Suspends people by the ankles', 'Green'),
('29', 'Locomotor', 'Locomotion Charm', 'Moves objects in midair', ''),
('30', 'Locomotor Mortis', 'Leg-Locker Curse', 'Sticks legs together', 'Purple'),
('31', 'Lumos', 'Wand-Lighting Charm', 'Illuminates the wand tip', 'White'),
('32', 'Lumos Maxima', 'Lumos Maxima', 'Produces bright light', 'White'),
('33', 'Lumos Solem', 'Lumos Solem Spell', 'Produces sunlight', 'Bright yellow'),
('34', 'Muffliato', 'Muffliato Charm', 'Conceals sound', ''),
('35', 'Nox', 'Wand-Extinguishing Charm', 'Extinguishes wandlight', ''),
('36', 'Obliviate', 'Memory Charm', 'Erases memories', 'Green'),
('37', 'Oculus Reparo', 'Oculus Reparo', 'Repairs glasses', ''),
('38', 'Oppugno', 'Oppugno Jinx', 'Assaults target with directed object(s)', ''),
('39', 'Peskipiksi Pesternomi', 'Peskipiksi Pesternomi', 'Nothing (supposedly captures pixies)', ''),
('40', 'Petrificus Totalus', 'Full Body-Bind Curse', 'Temporary Paralysis', 'White'),
('41', 'Piertotum Locomotor', 'Piertotum Locomotor', 'Animates target', 'Green'),
('42', 'Portus', 'Portus', 'Turns object into Portkey', 'Blue'),
('43', 'Priori Incantatem', 'Reverse Spell', 'Shows the previous spells cast by a wand', 'Gold'),
('44', 'Protego', 'Shield Charm', 'Reflects spells and blocks physical forces', ''),
('45', 'Protego Maxima', 'Protego Maxima', 'Summons a large protective barrier', 'White'),
('46', 'Protego totalum', 'Protego totalum', 'Shields an area', ''),
('47', 'Reducio', 'Shrinking Charm', 'Shrinks target', 'Purple'),
('48', 'Relashio', 'Revulsion Jinx', 'Forces target to let go', 'Purple'),
('49', 'Reparo', 'Mending Charm', 'Fixes broken objects', ''),
('50', 'Repello Inimicum', 'Repello Inimicum', 'Repels enemies. If used with Protego Maxima and Fianto Duri', ''),
('51', 'Repello Muggletum', 'Muggle-Repelling Charm', 'Repels Muggles', 'Haze'),
('52', 'Revelio', 'Revelio Charm', 'Reveals secrets about a person or object', 'Blue'),
('53', 'Rictusempra', 'Tickling Charm', 'Tickles and weakens', 'Silver'),
('54', 'Riddikulus', 'Boggart-Banishing Spell', 'Turns a Boggart into something amusing', ''),
('55', 'Salvio hexia', 'Salvio hexia', 'Hex deflection', 'Haze'),
('56', 'Sectumsempra', 'Sectumsempra', 'Lacerates target', 'White'),
('57', 'Serpensortia', 'Snake Summons Spell', 'Conjures snake', 'White'),
('58', 'Stupefy', 'Stunning Spell', 'Knocks out target', 'Red'),
('59', 'Vera Verto', 'Vera Verto', 'Transforms animals into water goblets', 'Crystal clear'),
('60', 'Vipera Evanesca', 'Snake-Vanishing Spell', 'Vanishes snakes', 'Black smoke'),
('61', 'Wingardium Leviosa', 'Levitation Charm', 'Makes objects fly', '');

INSERT INTO "Characters" ("Id", "Name", "Species", "Gender", "House", "Patronus", "WandWood", "WandCore") VALUES
('1', 'Harry Potter', 'Human', 'Male', 'Gryffindor', 'Stag', 'Holly', 'Phoenix Feather'),
('2', 'Ron Weasley', 'Human', 'Male', 'Gryffindor', 'Jack Russell Terrier', '', ''),
('3', 'Hermione Granger', 'Human', 'Female', 'Gryffindor', 'Otter', 'Vine', 'Dragon Heartstring'),
('4', 'Albus Dumbledore', 'Human', 'Male', 'Gryffindor', 'Phoenix', 'Elder', 'Thestral Tail Hair'),
('5', 'Rubeus Hagrid', 'Half-Human/Half-Giant', 'Male', 'Gryffindor', '', 'Oak', ''),
('6', 'Severus Snape', 'Human', 'Male', 'Slytherin', 'Doe', '', ''),
('7', 'Minerva McGonagall', 'Human', 'Female', 'Gryffindor', 'Cat', 'Fir', 'Dragon Heartstring'),
('8', 'Horace Slughorn', 'Human', 'Male', 'Slytherin', '', 'Cedar', 'Dragon Heartstring'),
('9', 'Voldemort', 'Human', 'Male', 'Slytherin', '', 'Yew', 'Phoenix Feather'),
('10', 'Neville Longbottom', 'Human', 'Male', 'Gryffindor', '', 'Cherry', 'Unicorn Hair'),
('11', 'Remus Lupin', 'Werewolf', 'Male', 'Gryffindor', 'Wolf', 'Cypress', 'Unicorn Hair'),
('12', 'Draco Malfoy', 'Human', 'Male', 'Slytherin', '', 'Hawthorn', 'Unicorn Hair'),
('13', 'Alastor Moody', 'Human', 'Male', '', '', '', ''),
('14', 'Fred Weasley', 'Human', 'Male', 'Gryffindor', '', '', ''),
('15', 'Dolores Umbridge', 'Human', 'Female', 'Slytherin', 'Cat', 'Birch', 'Dragon Heartstring'),
('16', 'Arthur Weasley', 'Human', 'Male', 'Gryffindor', 'Weasel', '', ''),
('17', 'Cornelius Fudge', 'Human', 'Male', '', '', '', ''),
('18', 'Sirius Black', 'Human', 'Male', 'Gryffindor', '', '', ''),
('19', 'George Weasley', 'Human', 'Male', 'Gryffindor', '', '', ''),
('20', 'Ginny Weasley', 'Human', 'Female', 'Gryffindor', 'Horse', '', ''),
('21', 'Vernon Dursley', 'Human', 'Male', '', '', '', ''),
('22', 'Bellatrix Lestrange', 'Human', 'Female', 'Slytherin', '', 'Walnut', 'Dragon Heartstring'),
('23', 'Lucius Malfoy', 'Human', 'Male', 'Slytherin', '', 'Elm', 'Dragon Heartstring'),
('24', 'Tom Riddle', 'Human', 'Male', 'Slytherin', '', 'Yew', 'Phoenix Feather'),
('25', 'Luna Lovegood', 'Human', 'Female', 'Ravenclaw', 'Hare', '', ''),
('26', 'Molly Weasley', 'Human', 'Female', 'Gryffindor', '', '', ''),
('27', 'Dobby', 'House Elf', 'Male', '', '', '', ''),
('28', 'Gilderoy Lockhart', 'Human', 'Male', 'Ravenclaw', '', 'Cherry', 'Dragon Heartstring'),
('29', 'Seamus Finnigan', 'Human', 'Male', 'Gryffindor', 'Fox', '', ''),
('30', 'Griphook', 'Goblin', 'Male', '', '', '', ''),
('31', 'Dudley Dursley', 'Human', 'Male', '', '', '', ''),
('32', 'Petunia Dursley', 'Human', 'Female', '', '', '', ''),
('33', 'Barty Crouch Sr.', 'Human', 'Male', '', '', '', ''),
('34', 'Xenophilius Lovegood', 'Human', 'Male', '', '', '', ''),
('35', 'Argus Filch', 'Human', 'Male', '', '', '', ''),
('36', 'Cedric Diggory', 'Human', 'Male', 'Hufflepuff', '', '', ''),
('37', 'Percy Weasley', 'Human', 'Male', 'Gryffindor', '', '', ''),
('38', 'Sybill Trelawney', 'Human', 'Female', 'Ravenclaw', '', 'Hazel', 'Unicorn Hair'),
('39', 'Moaning Myrtle', 'Ghost', 'Female', 'Ravenclaw', '', '', ''),
('40', 'Aberforth Dumbledore', 'Human', 'Male', '', 'Goat', '', ''),
('41', 'Quirinus Quirrell', 'Human', 'Male', 'Ravenclaw', '', 'Alder', 'Unicorn Hair'),
('42', 'James Potter', 'Human', 'Male', 'Gryffindor', 'Stag', 'Mahogany', ''),
('43', 'Garrick Ollivander', 'Human', 'Male', 'Ravenclaw', '', 'Hornbeam', 'Dragon Heartstring'),
('44', 'Peter Pettigrew', 'Human', 'Male', 'Gryffindor', '', 'Chestnut', 'Dragon Heartstring'),
('45', 'Lily Potter', 'Human', 'Female', 'Gryffindor', 'Doe', 'Willow', ''),
('46', 'Oliver Wood', 'Human', 'Male', 'Gryffindor', '', '', ''),
('47', 'Nearly Headless Nick', 'Ghost', 'Human', 'Gryffindor', '', '', ''),
('48', 'Kreacher', 'House Elf', 'Male', '', '', '', ''),
('49', 'Igor Karkaroff', 'Human', 'Male', '', '', '', ''),
('50', 'Rolanda Hooch', 'Human', 'Female', '', '', '', ''),
('51', 'Rufus Scrimgeour', 'Human', 'Male', '', '', '', ''),
('52', 'Lee Jordan', 'Human', 'Male', 'Gryffindor', '', '', ''),
('53', 'Scabior', 'Human', 'Male', 'Slytherin', '', '', ''),
('54', 'Helena Ravenclaw', 'Ghost', 'Female', 'Ravenclaw', '', '', ''),
('55', 'Cho Chang', 'Human', 'Female', 'Ravenclaw', 'Swan', '', ''),
('56', 'Kingsley Shacklebolt', 'Human', 'Male', '', 'Lynx', '', ''),
('57', 'Rita Skeeter', 'Human', 'Female', '', '', '', ''),
('58', 'Stanley Shunpike', 'Human', 'Male', '', '', '', ''),
('59', 'Filius Flitwick', 'Human (Part-Goblin)', 'Male', 'Ravenclaw', '', '', ''),
('60', 'Marge Dursley', 'Human', 'Female', '', '', '', ''),
('61', 'Nymphadora Tonks', 'Human', 'Female', 'Hufflepuff', 'Jack rabbit', '', ''),
('62', 'Elphias Doge', 'Human', 'Male', '', '', '', ''),
('63', 'Narcissa Malfoy', 'Human', 'Female', 'Slytherin', '', '', ''),
('64', 'Bogrod', 'Goblin', 'Male', '', '', '', ''),
('65', 'Lavender Brown', 'Human', 'Female', 'Gryffindor', '', '', ''),
('66', 'Rosmerta', 'Human', 'Female', '', '', '', ''),
('67', 'Amos Diggory', 'Human', 'Male', '', '', '', ''),
('68', 'Aragog', 'Acromantula', 'Male', '', '', '', ''),
('69', 'Olympe Maxime', 'Half-Human/Half-Giant', 'Female', 'Beauxbatons Academy of Magic', '', '', ''),
('70', 'Corban Yaxley', 'Human', 'Male', 'Slytherin', '', '', ''),
('71', 'Cormac McLaggen', 'Human', 'Male', 'Gryffindor', '', '', ''),
('72', 'Susan Bones', 'Human', 'Female', 'Hufflepuff', '', '', ''),
('73', 'Bill Weasley', 'Human', '', '', '', '', '');

INSERT INTO "Chapters" ("Id", "Name", "MovieId", "MovieChapter") VALUES
('1', 'Doorstep Delivery', '1', '1'),
('2', 'The Vanishing Glass', '1', '2'),
('3', 'Letters from No One', '1', '3'),
('4', 'Keeper of the Keys', '1', '4'),
('5', 'Diagon Alley', '1', '5'),
('6', 'Gringotts', '1', '6'),
('7', 'Ollivanders', '1', '7'),
('8', 'The Boy Who Lived', '1', '8');

INSERT INTO "Dialogue" ("Id", "ChapterId", "PlaceId", "CharacterId", "Text") VALUES
('1', '1', '8', '4', 'I should have known that you would be here...Professor McGonagall.'),
('2', '1', '8', '7', 'Good evening, Professor Dumbledore. Are the rumours true, Albus?'),
('3', '1', '8', '4', 'I''m afraid so, Professor. The good, and the bad.'),
('4', '1', '8', '7', 'And the boy?'),
('5', '1', '8', '4', 'Hagrid is bringing him.'),
('6', '1', '8', '7', 'Do you think it wise to trust Hagrid with something as important as this?'),
('7', '1', '8', '4', 'Ah, Professor, I would trust Hagrid with my life.'),
('8', '1', '8', '5', 'Professor Dumbledore, Sir. Professor McGonagall.'),
('9', '1', '8', '4', 'No problems, I trust, Hagrid?'),
('10', '1', '8', '5', 'No, sir. Little tyke fell asleep just as we were flying over Bristol. Heh. Try not to wake him. There you go.'),
('11', '1', '8', '7', 'Albus, do you really think it''s safe, leaving him with these people? I''ve watched them all day. They''re the worst sort of Muggles imaginable. They really are...'),
('12', '1', '8', '4', 'The only family he has.'),
('13', '1', '8', '7', 'This boy will be famous. There won''t be a child in our world who doesn''t know his name.'),
('14', '1', '8', '4', 'Exactly. He''s better off growing up away from all that. Until he is ready.'),
('15', '1', '8', '4', 'There, there, Hagrid. It''s not really goodbye, after all.'),
('16', '1', '8', '4', 'Good luck...Harry Potter.'),
('17', '2', '8', '32', 'Up. Get up.  Now!'),
('18', '2', '8', '31', 'Wake up, cousin! We''re going to the zoo!'),
('19', '2', '8', '32', 'Oh, here he comes, the birthday boy!'),
('20', '2', '8', '21', 'Happy birthday, son.'),
('21', '2', '8', '32', 'Why don''t you just cook the breakfast, and try not to burn anything.'),
('22', '2', '8', '1', 'Yes, Aunt Petunia.'),
('23', '2', '8', '32', 'I want everything to be perfect for my Dudley''s special day.'),
('24', '2', '8', '21', 'Hurry up! Bring my coffee, boy!'),
('25', '2', '8', '1', 'Yes, Uncle Vernon.'),
('26', '2', '8', '32', 'Aren''t they wonderful, darling?'),
('27', '2', '8', '31', 'How many are there?'),
('28', '2', '8', '21', 'Thirty-six. Counted ''em myself.'),
('29', '2', '8', '31', 'Thirty-six?! But last year last year I had thirty-seven!!'),
('30', '2', '8', '21', 'Err yes, well, some of them are quite a bit bigger than last year.'),
('31', '2', '8', '31', 'I don''t care how big they are!'),
('32', '2', '8', '32', 'Oh, now, now, now. This is what we''re going to do, is that when we go out, we''re going to buy you two new presents! How''s that, pumpkin?'),
('33', '2', '8', '32', 'This will be a lovely day at the zoo. I''m really looking forward to it.'),
('34', '2', '8', '21', 'I''m warning you now, boy. Any funny business, any at all, and you won''t have any meals for a week. Get in.'),
('35', '2', '8', '31', 'Make it move.'),
('36', '2', '8', '21', 'Move!'),
('37', '2', '8', '31', 'MOVE!'),
('38', '2', '8', '1', 'He''s asleep!'),
('39', '2', '8', '31', 'He''s boring.'),
('40', '2', '8', '1', 'Sorry about him. He doesn''t understand what it''s like, lying there day after day, having people press their ugly faces in on you.  Can you...hear me?  It''s just...I''ve never talked to a snake before. Do you...I mean...do you talk to people often?  You''re from Burma, aren''t you? Was it nice there, do you miss your family?  I see. That''s me as well. I never knew my parents, either.'),
('41', '2', '8', '31', 'Mummy, dad, come here! You won''t believe what this snake is doing!'),
('42', '2', '8', '31', 'Whoa! Ahh! Ahh!!'),
('43', '2', '8', '161', 'Thanks.'),
('44', '2', '8', '1', 'Anytime.'),
('45', '2', '8', '139', 'SNAKE!'),
('46', '2', '8', '31', 'Mum, mummy!'),
('47', '2', '8', '32', 'AHH!'),
('48', '2', '8', '31', 'Mum, help! Help me!'),
('49', '2', '8', '32', 'My darling boy! How did you get in there?! How did you get in there? Dursley, oh, Dursley!'),
('50', '3', '8', '32', 'It''s all right. It''s all right.'),
('51', '3', '8', '1', 'Ow!'),
('52', '3', '8', '21', 'What happened?!'),
('53', '3', '8', '1', 'I swear I don''t know!  One minute, the glass was there and then it was gone! It was like magic!'),
('54', '3', '8', '21', 'There''s no such thing as magic!'),
('55', '3', '8', '32', 'Awww, smile.  Vernon, just look at him. I can''t believe it. In just a week you''ll be off to Smeltings.'),
('56', '3', '8', '21', 'Caveat Smeltona. Proudest moment of my life.'),
('57', '3', '8', '1', 'Will I have to wear that, too?'),
('58', '3', '8', '32', 'What, you? Go to Smeltings?'),
('59', '3', '8', '21', 'Ha!'),
('60', '3', '8', '32', 'Oh, don''t be so stupid, you''re going to the state school where you belong.  And this is what you''re gonna be wearing when I''ve finished dyeing it.'),
('61', '3', '8', '1', 'But that''s Dudley''s old uniform. It''ll fit me like bits of old Elephant skin.'),
('62', '3', '8', '32', 'It''ll fit you well enough. Go get the post.  Go!'),
('63', '3', '8', '21', 'Oh, Marge is ill! Ate a funny whelk.'),
('64', '3', '8', '31', 'Dad! Look! Harry''s got a letter!'),
('65', '3', '8', '1', 'Hey, give it back! It''s mine!'),
('66', '3', '8', '21', 'Yours? Who''d be writing to you?'),
('67', '3', '8', '21', 'No more mail through this letterbox.'),
('68', '3', '8', '32', 'Have a lovely day at the office, dear.'),
('69', '3', '8', '21', 'Shoo! Go on!'),
('70', '3', '8', '21', 'Fine day Sunday. In my opinion, best day of the week. Why is that, Dudley?'),
('71', '3', '8', '1', 'Because there''s no post on Sunday?'),
('72', '3', '8', '21', 'Ah, right you are, Harry. No post on Sunday. Ha! No blasted letters today. No, sir. Not one single bloody letter, not one.  No, sir, not one blasted, miserable-'),
('73', '3', '8', '31', 'AHH! Make it stop! Please make it stop!'),
('74', '3', '8', '21', 'Go away, ahh!'),
('75', '3', '8', '31', 'What is it? Please tell me what''s happening!'),
('76', '3', '8', '21', 'Give me that! Give me that letter!'),
('77', '3', '8', '1', 'Get off! Ahh!'),
('78', '3', '8', '21', 'Ahh!'),
('79', '3', '8', '1', 'They''re my letters! Let go of me!'),
('80', '3', '8', '21', 'That''s it! We''re going away! Far away! Where they can''t find us!'),
('81', '3', '8', '31', 'Daddy''s gone mad, hasn''t he?!'),
('82', '4', '10', '1', 'Make a wish, Harry.'),
('83', '4', '10', '21', 'Who''s there? Ahh!'),
('84', '4', '10', '5', 'Sorry ''bout that.'),
('85', '4', '10', '21', 'I demand that you leave at once, sir! You are breaking and entering!'),
('86', '4', '10', '5', 'Dry up, Dursley, you great prune.  Boy, I haven''t seen you since you was a baby, Harry, but you''re a bit more along than I would have expected. Particularly ''round the middle!'),
('87', '4', '10', '31', 'I-I-I''m not Harry.'),
('88', '4', '10', '1', 'I-I am.'),
('89', '4', '10', '5', 'Oh, well, of course you are! Got something for ya. ''Fraid I might have sat on it at some point! I imagine that it''ll taste fine just the same. Ahh. Baked it myself.  Words and all. Heh.'),
('90', '4', '10', '1', 'Thank you!'),
('91', '4', '10', '5', 'It''s not every day that your young man turns eleven, now is it?'),
('92', '4', '10', '1', 'Excuse me, who are you?'),
('93', '4', '10', '5', 'Rubeus Hagrid. Keeper of keys and grounds at Hogwarts. Course, you''ll know all about Hogwarts.'),
('94', '4', '10', '1', 'Sorry, no.'),
('95', '4', '10', '5', 'No? Blimey, Harry, didn''t you ever wonder where your mum and dad learned it all?'),
('96', '4', '10', '1', 'Learned what?'),
('97', '4', '10', '5', 'You''re a wizard, Harry.'),
('98', '4', '10', '1', 'I-I''m a what?'),
('99', '4', '10', '5', 'A wizard. And a thumping good one at that, I''d wager. Once you train up a little.'),
('100', '4', '10', '1', 'No, you''ve made a mistake. I can''t be...a-a wizard. I mean, I''m just... Harry. Just Harry.'),
('101', '4', '10', '5', 'Well, just Harry. Did you ever make anything happen? Anything you couldn''t explain when you were angry or scared?  Ah.'),
('102', '4', '10', '1', 'Dear, Mr. Potter. We are pleased to inform you that you have been accepted at Hogwarts'' School of Witchcraft and Wizardry.'),
('103', '4', '10', '21', 'He''ll not be going! We swore when we took him in, we''d put a stop to this rubbish!'),
('104', '4', '10', '1', 'You knew? You knew all along and you never told me?'),
('105', '4', '10', '32', 'Of course we knew. How could you not be? My perfect sister being who she was. Oh, my mother and father were so proud the day she got her letter. We have a witch in the family. Isn''t it wonderful? I was the only one to see her for what she was. A freak! And then she met that Potter, and then she had you, and I knew you''d be just the same, just as strange, just as ... abnormal. And then, if you please, she went and got herself blown up. And we got landed with you.'),
('106', '4', '10', '1', 'Blown up? You told me my parents died in a car crash!'),
('107', '4', '10', '5', 'A car crash? A car crash kill James and Lily Potter?'),
('108', '4', '10', '32', 'We had to tell him something.'),
('109', '4', '10', '5', 'It''s an outrage! It''s a scandal!'),
('110', '4', '10', '21', 'He''ll not be going!'),
('111', '4', '10', '5', 'Oh, and I suppose a great Muggle like yourself''s going to stop him, are you?'),
('112', '4', '10', '1', 'Muggle?'),
('113', '4', '10', '5', 'Non magic folk.  This boy''s had his name down ever since he was born!  He''s going to the finest school of witchcraft and wizardry in the world, and he''ll be under the finest headmaster that Hogwarts has ever seen: Albus Dumbledore.'),
('114', '4', '10', '21', 'I will not pay for some crackpot old fool to teach him magic tricks!'),
('115', '4', '10', '5', 'Never, insult Albus Dumbledore, in front of me.'),
('116', '4', '10', '31', 'Ahh!'),
('117', '4', '10', '5', 'Oh, um, I''d appreciate if you didn''t tell anyone at Hogwarts about that. Strictly speaking, I''m not allowed to do magic.'),
('118', '4', '10', '1', 'Okay.'),
('119', '4', '10', '5', 'Ooh, we''re a bit behind schedule. Best be off.  Unless you''d rather stay, of course. Hmm?'),
('120', '5', '5', '1', 'First year students will require: three sets of work robes, one wand.'),
('121', '5', '5', '5', 'Essential bit of equipment, Harry.'),
('122', '5', '5', '1', 'One pair of dragon-hide gloves.  Hagrid, do they mean for a real dragon?'),
('123', '5', '5', '5', 'Well, they don''t mean for a penguin, do they? Heh. Crikey, but not a dragon.'),
('124', '5', '5', '1', 'But you like a dragon?'),
('125', '5', '5', '5', 'Fast and misunderstood beasts, Harry. Fast and misunderstood.'),
('126', '5', '5', '1', 'All students must be equipped with...one standard size two pewter cauldron and may bring if they desire either an owl, a cat or a toad. Could we find all this in London?'),
('127', '5', '5', '5', 'If you know where to go.'),
('128', '5', '5', '92', 'Ah, Hagrid! The usual, I presume?'),
('129', '5', '5', '5', 'No thanks, Tom. I''m on official Hogwarts business today. Just helping young Harry here buy his school supplies.'),
('130', '5', '5', '92', 'Bless my soul. It''s Harry Potter.'),
('131', '5', '5', '139', 'Welcome back, Mr. Potter, welcome back.'),
('132', '5', '5', '132', 'Doris Crockford, Mr. Potter. I can''t believe I''m meeting you at last.'),
('133', '5', '5', '41', 'Harry P-potter. C-can''t tell you how pleased I am to meet you.'),
('134', '5', '5', '5', 'Hello, Professor. I didn''t see you there. Harry, this is Professor Quirrell. He''ll be your Defense Against the Dark Arts teacher at Hogwarts.'),
('135', '5', '5', '1', 'Oh, nice to meet you.'),
('136', '5', '5', '41', 'F-fearfully fascinating subject. N-not that you need it, e-eh, Potter? Heheh.'),
('137', '5', '5', '5', 'Yes, well, must be going now. Lots to buy. Heh.'),
('138', '5', '5', '1', 'Goodbye.'),
('139', '5', '5', '5', 'See, Harry, you''re famous!'),
('140', '5', '5', '1', 'But why am I famous, Hagrid? All those people back there, how is it they know who I am?'),
('141', '5', '5', '5', 'I''m not exactly sure I''m the right person to tell you that, Harry.  Welcome, Harry, to Diagon Alley.  Here''s where you''ll get your quills and ink, and over there all your bits and bobs for doing your wizardry.'),
('142', '5', '5', '138', 'It''s a world class racing broom. Look at it, it''s the new Nimbus 2000! It''s the fastest model yet.'),
('143', '6', '2', '1', 'But, Hagrid, how am I to pay for all this? I haven''t any money.'),
('144', '6', '2', '5', 'Well, there''s your money, Harry.  Gringotts, the Wizard Bank. T''aint no place safer, ''cept perhaps Hogwarts.'),
('145', '6', '2', '1', 'Uh, Hagrid, what exactly are these things?'),
('146', '6', '2', '5', 'They''re goblins, Harry. Clever as they come goblins, but not the most friendly of beasts. Best stick close to me.  Mr. Harry Potter wishes to make a withdrawal.'),
('147', '6', '2', '130', 'And does Mr. Harry Potter have his key?'),
('148', '6', '2', '5', 'Oh. Wait a minute. Got it here somewhere. Hah. There''s the little devil.  Oh, and there''s something else as well.  Professor Dumbledore gave me this.  It''s about you-know-what in vault you-know-which.'),
('149', '6', '2', '130', 'Very well.'),
('150', '6', '2', '30', 'Vault 687. Lamp, please.  Key please.'),
('151', '6', '2', '5', 'Didn''t think your mum and dad would leave you with nothing now, did ya?'),
('152', '6', '2', '30', 'Vault 713.'),
('153', '6', '2', '1', 'What''s in there, Hagrid?'),
('154', '6', '2', '5', 'Can''t tell you, Harry. It''s Hogwarts business. Very secret.'),
('155', '6', '2', '30', 'Stand back.'),
('156', '6', '2', '5', 'Best not mention this to anyone, Harry.'),
('157', '7', '4', '1', 'I still need...a wand.'),
('158', '7', '4', '5', 'A wand? Well, you''ll want Ollivanders.  No place better. Run along there, but wait. I just got one more thing I got to do. Won''t be long.'),
('159', '7', '4', '1', 'Hello? Hello?'),
('160', '7', '4', '43', 'I wondered when I''d be seeing you, Mr. Potter. It seems only yesterday that your mother and father were in here buying their first wands.  Ah. Here we are.  Well, give it a wave.  Apparently not.  Perhaps this.  No, no, definitely not! No matter...  I wonder.  Curious, very curious.'),
('161', '7', '4', '1', 'Sorry, but what''s curious?'),
('162', '7', '4', '43', 'I remember every wand I''ve ever sold, Mr. Potter. It just so happens that the phoenix, whose tail feather resides in your wand gave one other feather, just one. It is curious that you should be destined for this wand when its brother gave you that scar.'),
('163', '7', '4', '1', 'And...who owned that wand?'),
('164', '7', '4', '43', 'Oh, we do not speak his name. The wand chooses the wizard, Mr. Potter. It''s not always clear why, but I think it is clear that we can expect great things from you. After all, He-Who-Must-Not-Be-Named did great things...terrible, yes, but great.'),
('165', '7', '4', '5', 'Harry! Harry! Happy birthday!'),
('166', '7', '4', '1', 'Wow.'),
('167', '8', '5', '5', 'You all right, Harry? You seem very quiet.'),
('168', '8', '5', '1', 'He killed my parents, didn''t he? The one who gave me this. You know, Hagrid, I know you do.'),
('169', '8', '5', '5', 'First, and understand this, Harry, ''cause it''s very important. Not all wizards are good. Some of them go bad. A few years ago, there was one wizard who went as bad as you can go. And his name was V-...his name was V-...'),
('170', '8', '5', '1', 'Maybe if you wrote it down?'),
('171', '8', '5', '5', 'No, I can''t spell it. All right.  Voldemort.'),
('172', '8', '5', '1', 'Voldemort?'),
('173', '8', '5', '5', 'Shh!!'),
('174', '8', '5', '5', 'It was dark times, Harry, dark times.  Voldemort started to gather some followers, brought ''em over to the dark side. Anyone that stood up to him ended up dead. Your parents fought against him, but nobody lived once he decided to kill ''em.  Nobody...not one. Except you.'),
('175', '8', '5', '1', 'Me? Voldemort tried to kill...me?'),
('176', '8', '5', '5', 'Yes. That ain''t no ordinary cut on your forehead, Harry. A mark like that only comes from being touched by a curse...and an evil curse at that.'),
('177', '8', '5', '1', 'What happened to...to You-Know-Who?'),
('178', '8', '5', '5', 'Well, some say he died. Codswallop in my opinion. Nope, I reckon he''s out there, still, too tired to go on. But one thing''s absolutely certain. Something about you stumped him that night. That''s why you''re famous. That''s why everybody knows your name. You''re the boy who lived.');

